,Unnamed: 0,Unnamed: 0.1,displacement,displacement_linearized,max_or_min,n,time,,,Unnamed: 0,Unnamed: 0.1,displacement,displacement_linearized,max_or_min,n,time,,Time (s),,,Linearized Displacement (ln[cm]),,
0,0,,30.19,2.594969239,shortpend_0.00126_1_data.csv,8,0,,0,6,6,55.74,3.092177988,0.63491_data (1).csv,,3.8248,,3.825,±,0.003,3.1,±,0.1
1,1,,30.55,2.621487834,shortpend_0.00126_1_data.csv,9,1.9287932,,1,7,7,46.07,2.514060512,0.63491_data (1).csv,,5.88003,,5.880,±,0.003,2.5,±,0.1
2,2,,31.07,2.658592083,shortpend_0.00126_1_data.csv,10,3.755934,,2,8,8,41.2,2.012900477,0.63491_data (1).csv,,8.06259,,8.063,±,0.003,2.0,±,0.1
3,4,,30.86,2.643772999,shortpend_0.00126_1_data.csv,12,5.702347,,3,9,9,39.12,1.687323702,0.63491_data (1).csv,,10.12964,,10.130,±,0.003,1.7,±,0.2
4,5,,30.81,2.640212039,shortpend_0.00126_1_data.csv,13,7.5123983,,4,10,10,38.04,1.464411204,0.63491_data (1).csv,,12.18762,,12.188,±,0.003,1.5,±,0.2
5,6,,30.07,2.585971096,shortpend_0.00126_1_data.csv,14,9.3501189,,5,11,11,37.16,1.236922729,0.63491_data (1).csv,,14.31302,,14.313,±,0.003,1.2,±,0.2
6,7,,30.6,2.625115976,shortpend_0.00126_1_data.csv,15,11.3163231,,0,2,2,55.76,3.125654093,0.63491_data (2).csv,,4.04587,,4.046,±,0.003,3.1,±,0.1
7,8,,30.45,2.61419182,shortpend_0.00126_1_data.csv,16,13.1264832,,1,3,3,46.17,2.57906367,0.63491_data (2).csv,,6.21264,,6.213,±,0.003,2.6,±,0.1
0,1,,30.72,2.633784976,shortpend_0.00126_2_data.csv,3,1.504892729,,2,4,4,41.99,2.197756332,0.63491_data (2).csv,,8.35829,,8.358,±,0.003,2.2,±,0.1
1,2,,30.5,2.617861512,shortpend_0.00126_2_data.csv,5,3.43522229,,3,5,5,39.43,1.863271597,0.63491_data (2).csv,,10.55756,,10.558,±,0.003,1.9,±,0.2
2,3,,29.93,2.575385579,shortpend_0.00126_2_data.csv,7,5.307957552,,4,6,6,37.73,1.557046555,0.63491_data (2).csv,,12.48886,,12.489,±,0.003,1.6,±,0.2
3,4,,30.57,2.622955625,shortpend_0.00126_2_data.csv,8,7.210194729,,5,7,7,37.11,1.417014397,0.63491_data (2).csv,,14.45663,,14.457,±,0.003,1.4,±,0.2
4,5,,31.49,2.687601293,shortpend_0.00126_2_data.csv,9,9.147434852,,6,8,8,37.27,1.455070857,0.63491_data (2).csv,,14.6436,,14.644,±,0.003,1.5,±,0.2
5,6,,29.83,2.56774401,shortpend_0.00126_2_data.csv,10,10.96979751,,0,0,0,55.27,3.095539057,0.63491_data (3).csv,,1.28824,,1.288,±,0.003,3.1,±,0.1
6,7,,30.03,2.582969197,shortpend_0.00126_2_data.csv,11,12.82294264,,1,1,1,46.56,2.59444453,0.63491_data (3).csv,,3.32672,,3.327,±,0.003,2.6,±,0.1
7,8,,30.14,2.591245284,shortpend_0.00126_2_data.csv,12,14.78758158,,2,2,2,41.77,2.151663131,0.63491_data (3).csv,,5.4885,,5.489,±,0.003,2.2,±,0.1
0,0,,31.19,2.663113779,shortpend_0.00126_3_data.csv,5,4.385598623,,3,3,3,39.38,1.826023692,0.63491_data (3).csv,,7.43593,,7.436,±,0.003,1.8,±,0.2
1,1,,30.67,2.626180055,shortpend_0.00126_3_data.csv,6,6.195396626,,4,4,4,39.38,1.826023692,0.63491_data (3).csv,,7.56493,,7.565,±,0.003,1.8,±,0.2
2,2,,30.62,2.622555779,shortpend_0.00126_3_data.csv,8,8.156603062,,5,5,5,37.56,1.479135136,0.63491_data (3).csv,,9.57136,,9.571,±,0.003,1.5,±,0.2
3,3,,30.77,2.633389437,shortpend_0.00126_3_data.csv,10,9.987531626,,6,6,6,36.94,1.326848988,0.63491_data (3).csv,,11.68039,,11.680,±,0.003,1.3,±,0.2
4,4,,30.4,2.606451044,shortpend_0.00126_3_data.csv,12,11.90492316,,7,7,7,37.01,1.345250473,0.63491_data (3).csv,,13.63857,,13.639,±,0.003,1.3,±,0.2
5,5,,29.83,2.56347704,shortpend_0.00126_3_data.csv,13,13.73388501,,0,0,0,56.56,3.140703034,0.63491_data (4).csv,,1.32318,,1.323,±,0.003,3.1,±,0.1
6,6,,29.83,2.56347704,shortpend_0.00126_3_data.csv,14,13.84697601,,1,1,1,46.1,2.538456531,0.63491_data (4).csv,,3.37869,,3.379,±,0.003,2.5,±,0.1
0,0,,72.94,3.585786018,0_data.csv,20,0,,2,2,2,41.36,2.069405774,0.63491_data (4).csv,,5.52471,,5.525,±,0.003,2.1,±,0.1
1,1,,72.87,3.583844093,0_data.csv,22,1.93012494,,3,3,3,39.18,1.747479312,0.63491_data (4).csv,,7.60635,,7.606,±,0.003,1.7,±,0.2
2,2,,71.48,3.544480868,0_data.csv,24,3.67580336,,4,4,4,37.68,1.444590482,0.63491_data (4).csv,,9.66994,,9.670,±,0.003,1.4,±,0.2
3,3,,71.43,3.543035644,0_data.csv,26,5.62923759,,5,5,5,37.68,1.444590482,0.63491_data (4).csv,,9.7379,,9.738,±,0.003,1.4,±,0.2
4,4,,72.25,3.56647754,0_data.csv,28,7.51305145,,6,7,7,37.78,1.467900934,0.63491_data (4).csv,,11.74187,,11.742,±,0.003,1.5,±,0.2
5,5,,71.53,3.545924007,0_data.csv,29,9.43398994,,7,8,8,36.8,1.211975314,0.63491_data (4).csv,,13.64493,,13.645,±,0.003,1.2,±,0.2
6,6,,71.55,3.54650068,0_data.csv,30,11.3210985,,,,,,,,,,,,,,,,
7,7,,71.68,3.55024097,0_data.csv,31,13.13931888,,,,,,,,,,,,,,,,
8,8,,70.45,3.514279235,0_data.csv,32,15.15721148,,,,,,,,,,,,,,,,
9,9,,70.29,3.509504775,0_data.csv,33,16.97669118,,,,,,,,,,,,,,,,
10,10,,71.19,3.536069343,0_data.csv,34,18.8054313,,,,,,,,,,,,,,,,
11,11,,70.29,3.509504775,0_data.csv,35,20.81314104,,,,,,,,,,,,,,,,
12,12,,69.98,3.500188882,0_data.csv,36,22.66911906,,,,,,,,,,,,,,,,
13,13,,69.14,3.474500737,0_data.csv,37,24.63469451,,,,,,,,,,,,,,,,
14,14,,70.29,3.509504775,0_data.csv,38,26.45255059,,,,,,,,,,,,,,,,
15,15,,69.62,3.489260378,0_data.csv,39,28.34384888,,,,,,,,,,,,,,,,
16,16,,68.78,3.463286263,0_data.csv,40,30.17590707,,,,,,,,,,,,,,,,
17,17,,69.42,3.48313698,0_data.csv,41,32.10803812,,,,,,,,,,,,,,,,
18,18,,67.59,3.425294938,0_data.csv,42,33.97839707,,,,,,,,,,,,,,,,
19,19,,68.13,3.442713774,0_data.csv,43,35.95148986,,,,,,,,,,,,,,,,
20,20,,68.26,3.446862269,0_data.csv,44,37.80557173,,,,,,,,,,,,,,,,
21,21,,67.46,3.421055807,0_data.csv,45,39.73095911,,,,,,,,,,,,,,,,
22,22,,67.65,3.427245415,0_data.csv,46,41.59542578,,,,,,,,,,,,,,,,
23,23,,68.06,3.440472819,0_data.csv,47,43.47849601,,,,,,,,,,,,,,,,
24,24,,67.03,3.406904646,0_data.csv,48,45.4049887,,,,,,,,,,,,,,,,
25,25,,67.39,3.418765732,0_data.csv,49,47.29429072,,,,,,,,,,,,,,,,
26,26,,67.3,3.415813624,0_data.csv,50,49.11187023,,,,,,,,,,,,,,,,
27,27,,66.98,3.40524609,0_data.csv,51,51.08280509,,,,,,,,,,,,,,,,
28,28,,66.48,3.388507452,0_data.csv,52,52.97187036,,,,,,,,,,,,,,,,
29,29,,67.16,3.411204063,0_data.csv,53,54.93935388,,,,,,,,,,,,,,,,
30,30,,66.46,3.387832044,0_data.csv,54,56.76941985,,,,,,,,,,,,,,,,
31,31,,65.89,3.368388593,0_data.csv,55,58.59877723,,,,,,,,,,,,,,,,
0,0,0,72.42,3.482770241,shortpend_01057_1_data.csv,,0,,,,,,,,,,,,,,,,
1,1,1,74.33,3.539792498,shortpend_01057_1_data.csv,,2.007936405,,,,,,,,,,,,,,,,
2,2,2,72.73,3.492249052,shortpend_01057_1_data.csv,,4.001289772,,,,,,,,,,,,,,,,
3,3,3,72.27,3.478151262,shortpend_01057_1_data.csv,,5.75472443,,,,,,,,,,,,,,,,
4,4,4,72.25,3.477533783,shortpend_01057_1_data.csv,,7.505726027,,,,,,,,,,,,,,,,
5,5,5,72.3,3.479076766,shortpend_01057_1_data.csv,,9.411167311,,,,,,,,,,,,,,,,
6,6,6,71.58,3.456624772,shortpend_01057_1_data.csv,,11.33203881,,,,,,,,,,,,,,,,
7,7,7,72.01,3.470094141,shortpend_01057_1_data.csv,,13.23850863,,,,,,,,,,,,,,,,
8,8,8,71.55,3.455678243,shortpend_01057_1_data.csv,,15.46842806,,,,,,,,,,,,,,,,
9,9,9,71.8,3.46353874,shortpend_01057_1_data.csv,,17.00383966,,,,,,,,,,,,,,,,
10,10,10,72.06,3.471648638,shortpend_01057_1_data.csv,,19.1714267,,,,,,,,,,,,,,,,
11,11,11,69.52,3.3894543,shortpend_01057_1_data.csv,,20.9042701,,,,,,,,,,,,,,,,
12,12,12,70.65,3.426857591,shortpend_01057_1_data.csv,,22.82202499,,,,,,,,,,,,,,,,
13,13,13,69.31,3.382346413,shortpend_01057_1_data.csv,,24.88632743,,,,,,,,,,,,,,,,
14,14,14,69.9,3.402189156,shortpend_01057_1_data.csv,,26.48532717,,,,,,,,,,,,,,,,
15,15,15,68.75,3.36314128,shortpend_01057_1_data.csv,,28.48322384,,,,,,,,,,,,,,,,
16,16,16,71.03,3.439127775,shortpend_01057_1_data.csv,,30.29120057,,,,,,,,,,,,,,,,
17,17,17,68.08,3.3396683,shortpend_01057_1_data.csv,,32.09861748,,,,,,,,,,,,,,,,
18,18,18,68.8,3.364871099,shortpend_01057_1_data.csv,,34.47164242,,,,,,,,,,,,,,,,
19,19,19,67.87,3.332196224,shortpend_01057_1_data.csv,,36.46074288,,,,,,,,,,,,,,,,
20,20,20,68.49,3.354097667,shortpend_01057_1_data.csv,,37.9360153,,,,,,,,,,,,,,,,
21,21,21,67.94,3.334693125,shortpend_01057_1_data.csv,,40.13536851,,,,,,,,,,,,,,,,
22,22,22,68.45,3.352699054,shortpend_01057_1_data.csv,,41.66017072,,,,,,,,,,,,,,,,
23,23,23,67.35,3.313450024,shortpend_01057_1_data.csv,,43.50938599,,,,,,,,,,,,,,,,
24,24,24,67.61,3.322867051,shortpend_01057_1_data.csv,,45.4333555,,,,,,,,,,,,,,,,
25,25,25,67.3,3.311628847,shortpend_01057_1_data.csv,,47.29963295,,,,,,,,,,,,,,,,
26,26,26,66.99,3.300262908,shortpend_01057_1_data.csv,,49.26485579,,,,,,,,,,,,,,,,
27,27,27,67.04,3.302104884,shortpend_01057_1_data.csv,,51.10171978,,,,,,,,,,,,,,,,
28,28,28,66.79,3.292860886,shortpend_01057_1_data.csv,,53.11065261,,,,,,,,,,,,,,,,
29,29,29,66.37,3.277135978,shortpend_01057_1_data.csv,,54.89819281,,,,,,,,,,,,,,,,
30,30,30,65.7,3.251527625,shortpend_01057_1_data.csv,,56.77641146,,,,,,,,,,,,,,,,
31,31,31,66.65,3.287646677,shortpend_01057_1_data.csv,,58.68019884,,,,,,,,,,,,,,,,
0,0,0,68.2,3.366527368,shortpend_0.01057_2_data.csv,,0,,,,,,,,,,,,,,,,
1,1,1,68.18,3.365836944,shortpend_0.01057_2_data.csv,,1.21551687,,,,,,,,,,,,,,,,
2,2,2,67.41,3.338886534,shortpend_0.01057_2_data.csv,,3.009435,,,,,,,,,,,,,,,,
3,3,3,67.51,3.3424279,shortpend_0.01057_2_data.csv,,5.01044733,,,,,,,,,,,,,,,,
4,4,4,67.53,3.34313467,shortpend_0.01057_2_data.csv,,6.77350003,,,,,,,,,,,,,,,,
5,5,5,67.51,3.3424279,shortpend_0.01057_2_data.csv,,8.62575275,,,,,,,,,,,,,,,,
6,6,6,66.94,3.322072034,shortpend_0.01057_2_data.csv,,10.60851724,,,,,,,,,,,,,,,,
7,7,7,67.3,3.334976492,shortpend_0.01057_2_data.csv,,12.44027597,,,,,,,,,,,,,,,,
8,8,8,66.07,3.290181019,shortpend_0.01057_2_data.csv,,14.45637853,,,,,,,,,,,,,,,,
9,9,9,66.79,3.316645638,shortpend_0.01057_2_data.csv,,16.31540377,,,,,,,,,,,,,,,,
10,10,10,65.91,3.284203653,shortpend_0.01057_2_data.csv,,18.26824195,,,,,,,,,,,,,,,,
11,11,11,66.01,3.287943691,shortpend_0.01057_2_data.csv,,20.09224135,,,,,,,,,,,,,,,,
12,12,12,65.84,3.281577278,shortpend_0.01057_2_data.csv,,21.93082745,,,,,,,,,,,,,,,,
13,13,13,66.12,3.292041642,shortpend_0.01057_2_data.csv,,23.90213949,,,,,,,,,,,,,,,,
14,14,14,65.19,3.25685435,shortpend_0.01057_2_data.csv,,25.60530335,,,,,,,,,,,,,,,,
15,15,15,65.4,3.264908788,shortpend_0.01057_2_data.csv,,28.51815278,,,,,,,,,,,,,,,,
16,16,16,65.22,3.258008963,shortpend_0.01057_2_data.csv,,29.55385715,,,,,,,,,,,,,,,,
17,17,17,64.73,3.238981275,shortpend_0.01057_2_data.csv,,31.47122747,,,,,,,,,,,,,,,,
18,18,18,64.98,3.248734511,shortpend_0.01057_2_data.csv,,33.37364036,,,,,,,,,,,,,,,,
19,19,19,64.73,3.238981275,shortpend_0.01057_2_data.csv,,35.46227652,,,,,,,,,,,,,,,,
20,20,20,64.31,3.222378609,shortpend_0.01057_2_data.csv,,37.3671065,,,,,,,,,,,,,,,,
21,21,21,64.47,3.22873598,shortpend_0.01057_2_data.csv,,39.40584547,,,,,,,,,,,,,,,,
22,22,22,64.05,3.211960898,shortpend_0.01057_2_data.csv,,40.89020974,,,,,,,,,,,,,,,,
23,23,23,63.56,3.19202754,shortpend_0.01057_2_data.csv,,42.96556789,,,,,,,,,,,,,,,,
24,24,24,63.85,3.203872766,shortpend_0.01057_2_data.csv,,44.67420227,,,,,,,,,,,,,,,,
25,25,25,63.11,3.173364652,shortpend_0.01057_2_data.csv,,46.53927142,,,,,,,,,,,,,,,,
26,26,26,63.54,3.191205433,shortpend_0.01057_2_data.csv,,48.68845088,,,,,,,,,,,,,,,,
27,27,27,63.37,3.184190096,shortpend_0.01057_2_data.csv,,50.35368568,,,,,,,,,,,,,,,,
28,28,28,63.9,3.20590094,shortpend_0.01057_2_data.csv,,52.14742572,,,,,,,,,,,,,,,,
29,29,29,62.56,3.150071071,shortpend_0.01057_2_data.csv,,54.42654616,,,,,,,,,,,,,,,,
30,30,30,62.92,3.165378974,shortpend_0.01057_2_data.csv,,56.28899986,,,,,,,,,,,,,,,,
31,31,31,62.59,3.151355718,shortpend_0.01057_2_data.csv,,58.32428581,,,,,,,,,,,,,,,,
0,6,6,67.78,3.489149743,0.10582_data (1).csv,,4.826371768,,,,,,,,,,,,,,,,
1,7,7,65.21,3.407447247,0.10582_data (1).csv,,6.710948327,,,,,,,,,,,,,,,,
2,8,8,63.25,3.340317336,0.10582_data (1).csv,,8.648223975,,,,,,,,,,,,,,,,
3,9,9,60.93,3.254555008,0.10582_data (1).csv,,10.53760538,,,,,,,,,,,,,,,,
4,10,10,59.5,3.197778149,0.10582_data (1).csv,,12.45524917,,,,,,,,,,,,,,,,
5,11,11,57.85,3.127991492,0.10582_data (1).csv,,14.42348156,,,,,,,,,,,,,,,,
0,3,3,67.16,3.465126322,0.10582_data (2).csv,,3.49089,,,,,,,,,,,,,,,,
1,4,4,64.64,3.383050361,0.10582_data (2).csv,,5.43159,,,,,,,,,,,,,,,,
2,5,5,62.63,3.312384359,0.10582_data (2).csv,,7.29044,,,,,,,,,,,,,,,,
3,6,6,60.76,3.241830317,0.10582_data (2).csv,,9.25584,,,,,,,,,,,,,,,,
4,7,7,59.83,3.204797158,0.10582_data (2).csv,,11.10088,,,,,,,,,,,,,,,,
5,8,8,57.92,3.124147448,0.10582_data (2).csv,,13.07526,,,,,,,,,,,,,,,,
0,5,5,67.46,3.472278051,0.10582_data (3).csv,,3.50372,,,,,,,,,,,,,,,,
1,6,6,63.95,3.356898343,0.10582_data (3).csv,,5.45692,,,,,,,,,,,,,,,,
2,7,7,62.18,3.293242207,0.10582_data (3).csv,,7.35399,,,,,,,,,,,,,,,,
3,8,8,60.24,3.218477146,0.10582_data (3).csv,,9.31048,,,,,,,,,,,,,,,,
4,9,9,58.63,3.151882454,0.10582_data (3).csv,,11.12393,,,,,,,,,,,,,,,,
5,10,10,58.35,3.139834134,0.10582_data (3).csv,,13.08136,,,,,,,,,,,,,,,,
0,3,3,67.84,3.48471428,0.10582_data (4).csv,,2.95797,,,,,,,,,,,,,,,,
1,4,4,64.73,3.384495598,0.10582_data (4).csv,,4.82078,,,,,,,,,,,,,,,,
2,5,5,62.92,3.321183557,0.10582_data (4).csv,,6.81394,,,,,,,,,,,,,,,,
3,6,6,61.37,3.263585582,0.10582_data (4).csv,,8.61606,,,,,,,,,,,,,,,,
4,7,7,60.33,3.222991645,0.10582_data (4).csv,,10.61881,,,,,,,,,,,,,,,,
5,8,8,57.96,3.123822344,0.10582_data (4).csv,,12.61512,,,,,,,,,,,,,,,,
6,9,9,56.31,3.04847213,0.10582_data (4).csv,,14.43444,,,,,,,,,,,,,,,,
0,0,0,61.6,3.285267572,0.21164_data (1).csv,,1.41047,,,,,,,,,,,,,,,,
1,1,1,57.35,3.112008923,0.21164_data (1).csv,,3.36128,,,,,,,,,,,,,,,,
2,2,2,53.3,2.913227011,0.21164_data (1).csv,,5.33299,,,,,,,,,,,,,,,,
3,3,3,50.62,2.755959459,0.21164_data (1).csv,,7.29493,,,,,,,,,,,,,,,,
4,4,4,49.38,2.673881844,0.21164_data (1).csv,,9.1245,,,,,,,,,,,,,,,,
5,5,5,47.97,2.571553031,0.21164_data (1).csv,,11.16602,,,,,,,,,,,,,,,,
6,6,6,46.43,2.446350475,0.21164_data (1).csv,,13.05015,,,,,,,,,,,,,,,,
0,0,0,59.67,3.213161656,0.21164_data (2).csv,,1.10341,,,,,,,,,,,,,,,,
1,1,1,56.46,3.07489243,0.21164_data (2).csv,,3.07479,,,,,,,,,,,,,,,,
2,2,2,52.94,2.897433054,0.21164_data (2).csv,,5.04261,,,,,,,,,,,,,,,,
3,3,3,50.46,2.750314556,0.21164_data (2).csv,,6.99748,,,,,,,,,,,,,,,,
4,4,4,48.85,2.641736106,0.21164_data (2).csv,,8.95223,,,,,,,,,,,,,,,,
5,5,5,48.13,2.589082951,0.21164_data (2).csv,,10.79944,,,,,,,,,,,,,,,,
6,6,6,46.32,2.443003615,0.21164_data (2).csv,,12.73496,,,,,,,,,,,,,,,,
7,7,7,45.12,2.332876942,0.21164_data (2).csv,,14.71679,,,,,,,,,,,,,,,,
0,0,0,60.76,3.246845909,0.21164_data (3).csv,,0.92819,,,,,,,,,,,,,,,,
1,1,1,57.18,3.096894524,0.21164_data (3).csv,,2.85076,,,,,,,,,,,,,,,,
2,2,2,53.71,2.926335195,0.21164_data (3).csv,,4.83585,,,,,,,,,,,,,,,,
3,3,3,51.13,2.777521722,0.21164_data (3).csv,,6.76686,,,,,,,,,,,,,,,,
4,4,4,49.47,2.668555312,0.21164_data (3).csv,,8.76687,,,,,,,,,,,,,,,,
5,5,5,47.51,2.522453126,0.21164_data (3).csv,,10.6978,,,,,,,,,,,,,,,,
6,6,6,46.1,2.402351058,0.21164_data (3).csv,,12.56573,,,,,,,,,,,,,,,,
7,7,7,45.74,2.369226682,0.21164_data (3).csv,,14.50279,,,,,,,,,,,,,,,,
0,4,4,60.91,3.252339647,0.21164_data (4).csv,,2.06851,,,,,,,,,,,,,,,,
1,5,5,56.87,3.082403007,0.21164_data (4).csv,,4.04366,,,,,,,,,,,,,,,,
2,6,6,53.83,2.932299853,0.21164_data (4).csv,,5.97139,,,,,,,,,,,,,,,,
3,7,7,51.34,2.789983481,0.21164_data (4).csv,,7.97459,,,,,,,,,,,,,,,,
4,8,8,49.38,2.661709594,0.21164_data (4).csv,,9.90073,,,,,,,,,,,,,,,,
5,9,9,47.77,2.542448159,0.21164_data (4).csv,,11.84341,,,,,,,,,,,,,,,,
6,10,10,47.04,2.483301266,0.21164_data (4).csv,,13.79497,,,,,,,,,,,,,,,,
0,4,4,59.73,3.288527878,0.31746_data (1).csv,,1.96589,,,,,,,,,,,,,,,,
1,5,5,53.4,3.019125347,0.31746_data (1).csv,,4.034,,,,,,,,,,,,,,,,
2,6,6,49.67,2.818002762,0.31746_data (1).csv,,5.95695,,,,,,,,,,,,,,,,
3,7,7,46.15,2.581986229,0.31746_data (1).csv,,7.89031,,,,,,,,,,,,,,,,
4,8,8,44.04,2.408149496,0.31746_data (1).csv,,9.98208,,,,,,,,,,,,,,,,
5,9,9,42.47,2.25584738,0.31746_data (1).csv,,11.91639,,,,,,,,,,,,,,,,
6,10,10,41.25,2.119068032,0.31746_data (1).csv,,13.90943,,,,,,,,,,,,,,,,
0,2,2,59.83,3.291236776,0.31746_data (2).csv,,1.76585,,,,,,,,,,,,,,,,
1,3,3,53.2,3.007961333,0.31746_data (2).csv,,3.72311,,,,,,,,,,,,,,,,
2,4,4,49.47,2.804334621,0.31746_data (2).csv,,5.79031,,,,,,,,,,,,,,,,
3,5,5,46.32,2.592720364,0.31746_data (2).csv,,7.74024,,,,,,,,,,,,,,,,
4,6,6,44.24,2.423570356,0.31746_data (2).csv,,9.65738,,,,,,,,,,,,,,,,
5,7,7,42.59,2.265514678,0.31746_data (2).csv,,11.66184,,,,,,,,,,,,,,,,
6,8,8,41.19,2.108524843,0.31746_data (2).csv,,13.56676,,,,,,,,,,,,,,,,
0,2,2,57.77,3.208526394,0.31746_data (3).csv,,1.74188,,,,,,,,,,,,,,,,
1,3,3,52.11,2.948776847,0.31746_data (3).csv,,3.677,,,,,,,,,,,,,,,,
2,4,4,48.35,2.729328765,0.31746_data (3).csv,,5.74845,,,,,,,,,,,,,,,,
3,5,5,45.26,2.504104397,0.31746_data (3).csv,,7.68098,,,,,,,,,,,,,,,,
4,6,6,43.59,2.357319318,0.31746_data (3).csv,,9.63653,,,,,,,,,,,,,,,,
5,7,7,42.22,2.21839865,0.31746_data (3).csv,,11.61209,,,,,,,,,,,,,,,,
6,8,8,41.63,2.152064309,0.31746_data (3).csv,,13.58283,,,,,,,,,,,,,,,,
0,6,6,58.52,3.261332155,0.31746_data (4).csv,,3.25267,,,,,,,,,,,,,,,,
1,7,7,52.73,3.010338201,0.31746_data (4).csv,,5.20555,,,,,,,,,,,,,,,,
2,8,8,52.73,3.010338201,0.31746_data (4).csv,,5.27647,,,,,,,,,,,,,,,,
3,9,9,49.05,2.810261501,0.31746_data (4).csv,,7.26654,,,,,,,,,,,,,,,,
4,10,10,45.38,2.560652624,0.31746_data (4).csv,,9.18238,,,,,,,,,,,,,,,,
5,11,11,44.33,2.476056124,0.31746_data (4).csv,,11.19939,,,,,,,,,,,,,,,,
6,12,12,42.27,2.285872441,0.31746_data (4).csv,,13.11577,,,,,,,,,,,,,,,,
0,3,3,57.97,3.17670407,0.42328_data (1).csv,,2.07423,,,,,,,,,,,,,,,,
1,4,4,51.29,2.849991079,0.42328_data (1).csv,,4.03,,,,,,,,,,,,,,,,
2,5,5,46.37,2.515082382,0.42328_data (1).csv,,6.0626,,,,,,,,,,,,,,,,
3,6,6,43.8,2.282140276,0.42328_data (1).csv,,8.15477,,,,,,,,,,,,,,,,
4,7,7,41.46,2.009237349,0.42328_data (1).csv,,10.07917,,,,,,,,,,,,,,,,
5,8,8,41.46,2.009237349,0.42328_data (1).csv,,10.20831,,,,,,,,,,,,,,,,
6,9,9,40.89,1.929726702,0.42328_data (1).csv,,12.17375,,,,,,,,,,,,,,,,
7,10,10,39.91,1.776244331,0.42328_data (1).csv,,14.10909,,,,,,,,,,,,,,,,
8,11,11,39.91,1.776244331,0.42328_data (1).csv,,14.23889,,,,,,,,,,,,,,,,
0,0,0,59.78,3.239052211,0.42328_data (2).csv,,0.83202,,,,,,,,,,,,,,,,
1,1,1,51.34,2.837295157,0.42328_data (2).csv,,2.89369,,,,,,,,,,,,,,,,
2,2,2,46.94,2.539200106,0.42328_data (2).csv,,4.95348,,,,,,,,,,,,,,,,
3,3,3,43.52,2.224573024,0.42328_data (2).csv,,6.90212,,,,,,,,,,,,,,,,
4,4,4,43.42,2.2137028,0.42328_data (2).csv,,7.17841,,,,,,,,,,,,,,,,
5,5,5,42.29,2.081880145,0.42328_data (2).csv,,8.96765,,,,,,,,,,,,,,,,
6,6,6,40.07,1.757777334,0.42328_data (2).csv,,10.96221,,,,,,,,,,,,,,,,
7,7,7,40.33,1.801632674,0.42328_data (2).csv,,13.09941,,,,,,,,,,,,,,,,
8,8,8,38.87,1.525954697,0.42328_data (2).csv,,14.83093,,,,,,,,,,,,,,,,
0,0,0,58.33,3.183241404,0.42328_data (3).csv,,1.03509,,,,,,,,,,,,,,,,
1,1,1,51.24,2.835259794,0.42328_data (3).csv,,3.16487,,,,,,,,,,,,,,,,
2,2,2,46.89,2.540406418,0.42328_data (3).csv,,5.17566,,,,,,,,,,,,,,,,
3,3,3,43.26,2.203297794,0.42328_data (3).csv,,7.2081,,,,,,,,,,,,,,,,
4,4,4,41.67,2.010202024,0.42328_data (3).csv,,9.26173,,,,,,,,,,,,,,,,
5,5,5,40.84,1.892332333,0.42328_data (3).csv,,11.23898,,,,,,,,,,,,,,,,
6,6,6,39.74,1.711059997,0.42328_data (3).csv,,13.0654,,,,,,,,,,,,,,,,
7,7,7,39.85,1.730739244,0.42328_data (3).csv,,13.24862,,,,,,,,,,,,,,,,
0,0,0,60.65,3.274511442,0.42328_data (4).csv,,1.01165,,,,,,,,,,,,,,,,
1,1,1,51.96,2.875839429,0.42328_data (4).csv,,3.09615,,,,,,,,,,,,,,,,
2,2,2,46.84,2.535307389,0.42328_data (4).csv,,5.00025,,,,,,,,,,,,,,,,
3,3,3,46.84,2.535307389,0.42328_data (4).csv,,5.15098,,,,,,,,,,,,,,,,
4,4,4,43.78,2.257620111,0.42328_data (4).csv,,7.07886,,,,,,,,,,,,,,,,
5,5,5,41.77,2.021588569,0.42328_data (4).csv,,9.16294,,,,,,,,,,,,,,,,
6,6,6,41.05,1.921370002,0.42328_data (4).csv,,11.07038,,,,,,,,,,,,,,,,
7,7,7,40.07,1.766494582,0.42328_data (4).csv,,13.1448,,,,,,,,,,,,,,,,
0,2,2,57.54,3.158482053,0.5291_data (1).csv,,1.82526,,,,,,,,,,,,,,,,
1,3,3,47.92,2.632956195,0.5291_data (1).csv,,3.89401,,,,,,,,,,,,,,,,
2,4,4,43.37,2.236962695,0.5291_data (1).csv,,5.91817,,,,,,,,,,,,,,,,
3,5,5,41.86,2.061130431,0.5291_data (1).csv,,8.02489,,,,,,,,,,,,,,,,
4,6,6,39.81,1.758692768,0.5291_data (1).csv,,10.03228,,,,,,,,,,,,,,,,
5,7,7,38.56,1.516191316,0.5291_data (1).csv,,12.02179,,,,,,,,,,,,,,,,
6,8,8,38.56,1.516191316,0.5291_data (1).csv,,12.08675,,,,,,,,,,,,,,,,
7,10,10,37.89,1.357082869,0.5291_data (1).csv,,14.0412,,,,,,,,,,,,,,,,
0,0,0,57.03,3.134274618,0.5291_data (2).csv,,1.3939,,,,,,,,,,,,,,,,
1,1,1,48.23,2.651265812,0.5291_data (2).csv,,3.59433,,,,,,,,,,,,,,,,
2,2,2,43.57,2.252550621,0.5291_data (2).csv,,5.53785,,,,,,,,,,,,,,,,
3,3,3,41,1.937585069,0.5291_data (2).csv,,7.67273,,,,,,,,,,,,,,,,
4,4,4,40.36,1.840861702,0.5291_data (2).csv,,9.62515,,,,,,,,,,,,,,,,
5,5,5,38.87,1.571105803,0.5291_data (2).csv,,11.72088,,,,,,,,,,,,,,,,
6,6,6,38.92,1.581442953,0.5291_data (2).csv,,13.77052,,,,,,,,,,,,,,,,
0,0,0,56.72,3.122513486,0.5291_data (3).csv,,1.24917,,,,,,,,,,,,,,,,
1,1,1,48.28,2.657694895,0.5291_data (3).csv,,3.43168,,,,,,,,,,,,,,,,
2,2,2,44.31,2.331500252,0.5291_data (3).csv,,5.48928,,,,,,,,,,,,,,,,
3,3,3,41.51,2.014018977,0.5291_data (3).csv,,7.5492,,,,,,,,,,,,,,,,
4,4,4,39.23,1.65122698,0.5291_data (3).csv,,9.3588,,,,,,,,,,,,,,,,
5,5,5,39.33,1.670226776,0.5291_data (3).csv,,9.56831,,,,,,,,,,,,,,,,
6,6,6,38.45,1.489160605,0.5291_data (3).csv,,11.58281,,,,,,,,,,,,,,,,
7,7,7,38.45,1.489160605,0.5291_data (3).csv,,13.60248,,,,,,,,,,,,,,,,
0,6,6,55.74,3.092177988,0.63491_data (1).csv,,3.8248,,,,,,,,,,,,,,,,
1,7,7,46.07,2.514060512,0.63491_data (1).csv,,5.88003,,,,,,,,,,,,,,,,
2,8,8,41.2,2.012900477,0.63491_data (1).csv,,8.06259,,,,,,,,,,,,,,,,
3,9,9,39.12,1.687323702,0.63491_data (1).csv,,10.12964,,,,,,,,,,,,,,,,
4,10,10,38.04,1.464411204,0.63491_data (1).csv,,12.18762,,,,,,,,,,,,,,,,
5,11,11,37.16,1.236922729,0.63491_data (1).csv,,14.31302,,,,,,,,,,,,,,,,
0,2,2,55.76,3.125654093,0.63491_data (2).csv,,4.04587,,,,,,,,,,,,,,,,
1,3,3,46.17,2.57906367,0.63491_data (2).csv,,6.21264,,,,,,,,,,,,,,,,
2,4,4,41.99,2.197756332,0.63491_data (2).csv,,8.35829,,,,,,,,,,,,,,,,
3,5,5,39.43,1.863271597,0.63491_data (2).csv,,10.55756,,,,,,,,,,,,,,,,
4,6,6,37.73,1.557046555,0.63491_data (2).csv,,12.48886,,,,,,,,,,,,,,,,
5,7,7,37.11,1.417014397,0.63491_data (2).csv,,14.45663,,,,,,,,,,,,,,,,
6,8,8,37.27,1.455070857,0.63491_data (2).csv,,14.6436,,,,,,,,,,,,,,,,
0,0,0,55.27,3.095539057,0.63491_data (3).csv,,1.28824,,,,,,,,,,,,,,,,
1,1,1,46.56,2.59444453,0.63491_data (3).csv,,3.32672,,,,,,,,,,,,,,,,
2,2,2,41.77,2.151663131,0.63491_data (3).csv,,5.4885,,,,,,,,,,,,,,,,
3,3,3,39.38,1.826023692,0.63491_data (3).csv,,7.43593,,,,,,,,,,,,,,,,
4,4,4,39.38,1.826023692,0.63491_data (3).csv,,7.56493,,,,,,,,,,,,,,,,
5,5,5,37.56,1.479135136,0.63491_data (3).csv,,9.57136,,,,,,,,,,,,,,,,
6,6,6,36.94,1.326848988,0.63491_data (3).csv,,11.68039,,,,,,,,,,,,,,,,
7,7,7,37.01,1.345250473,0.63491_data (3).csv,,13.63857,,,,,,,,,,,,,,,,
0,0,0,56.56,3.140703034,0.63491_data (4).csv,,1.32318,,,,,,,,,,,,,,,,
1,1,1,46.1,2.538456531,0.63491_data (4).csv,,3.37869,,,,,,,,,,,,,,,,
2,2,2,41.36,2.069405774,0.63491_data (4).csv,,5.52471,,,,,,,,,,,,,,,,
3,3,3,39.18,1.747479312,0.63491_data (4).csv,,7.60635,,,,,,,,,,,,,,,,
4,4,4,37.68,1.444590482,0.63491_data (4).csv,,9.66994,,,,,,,,,,,,,,,,
5,5,5,37.68,1.444590482,0.63491_data (4).csv,,9.7379,,,,,,,,,,,,,,,,
6,7,7,37.78,1.467900934,0.63491_data (4).csv,,11.74187,,,,,,,,,,,,,,,,
7,8,8,36.8,1.211975314,0.63491_data (4).csv,,13.64493,,,,,,,,,,,,,,,,
